prob,dim,npts,nout,error,minimum,feval,niter,convergence,minimum_PT,maximum_PT,mean_PT,median_PT,memory,alloc
cubic_0.0_5.0_-10.0_-6.0_250_48.csv,4,250,48,4.618636140207855e-9,2.038734200506319e-15,6.0,6,true,0.001049557,0.005012852,0.0011776234240000003,0.0010867485,1357616,13600
cubic_0.0_6.0_0.0_-8.0_150_20.csv,4,150,20,1.2451982911443338e-7,9.452017907118174e-13,4.0,4,true,0.00038353700000000004,0.0036007110000000004,0.00043917063100000004,0.00039482650000000004,561248,5639
cubic_0.0_6.0_-3.5_9.0_850_85.csv,4,850,85,2.533262488668697e-10,2.4432523002852505e-17,5.0,5,true,0.004530916,0.011919938000000001,0.0050043561731731735,0.004738863,4189872,41542
