prob,dim,npts,nout,error,minimum,feval,niter,convergence,minimum_PT,maximum_PT,mean_PT,median_PT,memory,alloc
cubic_0.0_5.0_-10.0_-6.0_250_48.csv,4,250,48,2.317570135801361e-9,5.194759707840899e-16,7.0,7,true,0.000818569,0.004169147000000001,0.0009305329220000001,0.0008654645000000001,875536,8696
cubic_0.0_6.0_0.0_-8.0_150_20.csv,4,150,20,8.541768439229713e-7,5.899870661343711e-11,5.0,5,true,0.000313499,0.0038443260000000003,0.000373403532,0.000340688,405568,4055
cubic_0.0_6.0_-3.5_9.0_850_85.csv,4,850,85,1.3573853152593074e-10,7.447829543475297e-18,6.0,6,true,0.00410075,0.008691550000000001,0.004589172115000001,0.0043957125,2828480,27732
