prob,dim,npts,nout,error,minimum,feval,niter,convergence,minimum_PT,maximum_PT,mean_PT,median_PT,memory,alloc
cubic_0.0_5.0_-10.0_-6.0_250_48.csv,4,250,48,2.317570135801361e-9,5.194759707840899e-16,7.0,7,true,0.0008461170000000001,0.005806712,0.000951842683,0.0008697640000000001,875536,8696
cubic_0.0_6.0_0.0_-8.0_150_20.csv,4,150,20,8.541768439229713e-7,5.899870661343711e-11,5.0,5,true,0.00032231400000000003,0.0039449640000000005,0.000372427936,0.0003370205,405568,4055
cubic_0.0_6.0_-3.5_9.0_850_85.csv,4,850,85,1.3573853152593074e-10,7.447829543475297e-18,6.0,6,true,0.004370311,0.007893941,0.004757569177,0.004596113000000001,2828480,27732
