prob,dim,npts,nout,error,minimum,feval,niter,convergence,minimum_PT,maximum_PT,mean_PT,median_PT,memory,alloc
cubic_0.0_5.0_-10.0_-6.0_250_48.csv,4,250,48,4.618636140207855e-9,2.038734200506319e-15,6.0,6,true,0.0006987510000000001,0.004261929,0.0007797073460000001,0.0007174745,759856,7545
cubic_0.0_6.0_0.0_-8.0_150_20.csv,4,150,20,1.2451982911443338e-7,9.452017907118174e-13,4.0,4,true,0.00027524200000000003,0.004036581,0.00031649019300000004,0.00028172500000000003,330464,3302
cubic_0.0_6.0_-3.5_9.0_850_85.csv,4,850,85,2.533262488668697e-10,2.4432523002852505e-17,5.0,5,true,0.003598463,0.01258558,0.003950997257000001,0.00375229,2378480,23186
