prob,dim,npts,nout,error,minimum,feval,niter,convergence,minimum_PT,maximum_PT,mean_PT,median_PT,memory,alloc
cubic_0.0_5.0_-10.0_-6.0_250_48.csv,4,250,48,0.017699083283262418,25.4972149789823,860.0,860,true,0.103749675,0.116248762,0.10710980414893617,0.106416248,98137072,971184
cubic_0.0_6.0_0.0_-8.0_150_20.csv,4,150,20,8.552819110718701e-7,6.018841199143523e-11,437.0,437,true,0.026607396000000002,0.03379273,0.02942679593529412,0.0297839735,30473248,305448
cubic_0.0_6.0_-3.5_9.0_850_85.csv,4,850,85,0.01090245275315116,42.179349616578946,3008.0,3008,true,2.128356901,2.1566970580000002,2.147167419666667,2.1564483,1154255648,11307461
